{ 
    "_id" : ObjectId("57a3a8ff5b5a864acb323858"), 
    "filename" : "HKMS000005 000001od.jpg", 
    "srcurl" : "https://www.finna.fi/Record/hkm.HKMS000005:000001od#image", 
    "title" : "Foreign guests on the rollercoaster in Linnanmäki", 
    "meta" : "Helsinki Olympic Games 1952, Photograph by Volker von Bonin, Helsinki City Museum"
}
{ 
    "_id" : ObjectId("57a3a8ff5b5a864acb323859"), 
    "filename" : "HKMS000005 00000u5w.jpg", 
    "srcurl" : "https://www.finna.fi/Record/hkm.HKMS000005:00000u5w#image", 
    "title" : "Pre-Christmas festivities at Tuko", 
    "meta" : "Unknown photographer 1960-1069, Helsinki City Museum"
}
{ 
    "_id" : ObjectId("57a3a8ff5b5a864acb32385a"), 
    "filename" : "HKMS000005 km0000lr66.jpg", 
    "srcurl" : "https://www.finna.fi/Record/hkm.HKMS000005:km0000lr66#image", 
    "title" : "Group of men probably celebrating May Day", 
    "meta" : "Unknown photographer 1910-19, Helsinki City Museum"
}
{ 
    "_id" : ObjectId("57a3a8ff5b5a864acb32385b"), 
    "filename" : "HKMS000005 km0000nz9u.jpg", 
    "srcurl" : "https://www.finna.fi/Record/hkm.HKMS000005:km0000nz9u#image", 
    "title" : "Karhupuisto 1970", 
    "meta" : "Photograph by Rista Simo SER, Helsinki City Museum"
}
{ 
    "_id" : ObjectId("57a3a8ff5b5a864acb32385c"), 
    "filename" : "HKMS000005 0000053m.jpg", 
    "srcurl" : "https://www.finna.fi/Record/hkm.HKMS000005:0000053m#image", 
    "title" : "Linnanmäki amusement park 1968", 
    "meta" : "Photograph by Volker von Bonin, Helsinki City Museum"
}
{ 
    "_id" : ObjectId("57a3a8ff5b5a864acb32385d"), 
    "filename" : "HKMS000005 km0000lgws.jpg", 
    "srcurl" : "https://www.finna.fi/Record/hkm.HKMS000005:km0000lgws#image", 
    "title" : "May Day celebration", 
    "meta" : "Unknown photographer 1970-1079, Helsinki City Museum"
}
{ 
    "_id" : ObjectId("57a3a8ff5b5a864acb32385e"), 
    "filename" : "HKMS000005 km0000mv9d.jpg", 
    "srcurl" : "https://www.finna.fi/Record/hkm.HKMS000005:km0000mv9d#image", 
    "title" : "Housewarming at Allotrian house", 
    "meta" : "Unknown photographer 1954, Helsinki City Museum"
}
{ 
    "_id" : ObjectId("57a3a8ff5b5a864acb32385f"), 
    "filename" : "HKMS000005 km003871.jpg", 
    "srcurl" : "https://www.finna.fi/Record/hkm.HKMS000005:km003871#image", 
    "title" : "School of Lauttasaari", 
    "meta" : "Unknown photographer 1957, Helsinki City Museum"
}
{ 
    "_id" : ObjectId("57a3a8ff5b5a864acb323860"), 
    "filename" : "HKMS000005 0000085p.jpg", 
    "srcurl" : "https://www.finna.fi/Record/hkm.HKMS000005:0000085p#image", 
    "title" : "Masquerade at the Helsinki University Student Union Hall “Poli”", 
    "meta" : "Photograph by Harald Rosenberg 1920-29, Helsinki City Museum"
}
{ 
    "_id" : ObjectId("57a3a8ff5b5a864acb323861"), 
    "filename" : "HKMS000005 km0000lkry.jpg", 
    "srcurl" : "https://www.finna.fi/Record/hkm.HKMS000005:km0000lkry#image", 
    "title" : "Celebrations at home 1950-1959", 
    "meta" : "Photograph by Kannisto Väinö, Helsinki City Museum"
}
{ 
    "_id" : ObjectId("57a3a8ff5b5a864acb323862"), 
    "filename" : "HKMS000005 km0000mv9j.jpg", 
    "srcurl" : "https://www.finna.fi/Record/hkm.HKMS000005:km0000mv9j#image", 
    "title" : "Housewarming at Allotrian house", 
    "meta" : "Unknown photographer 1954, Helsinki City Museum"
}
{ 
    "_id" : ObjectId("57a3a8ff5b5a864acb323863"), 
    "filename" : "HKMS000005 km003lkp.jpg", 
    "srcurl" : "https://www.finna.fi/Record/hkm.HKMS000005:km003lkp#image", 
    "title" : "Boy playing ping pong", 
    "meta" : "Elanto photo collection, Unknown photographer 1950-1059, Helsinki City Museum"
}
